,Ascentium — Transform Today for Tomorrow · Run Sheet,,,,,,,,,,,,,,,,,
,10月13日 · 深圳 · 15:15–18:15（180分钟）| 112人 = 8组 × 14人 | Quest A/B 各限4组 · 先到先得,,,,,,,,,,,,,,,,,
,,,,,,,,,,,,,,,,,,
,时间,时长,环节,内容 / 流程步骤,所需物料 / 准备事项,Owner,,,,,,,,,,,,
,"12 号晚上
 7:00–10:00",45′,现场搭建与联调,"• 8个圆桌岛台就位、座位牌 G01–G08 摆放
• 每组大屏+笔记本开机、投屏测试、网络连通
• 舞台/主持台、背景板、签到台就位
• 投票测试、计票表初始化
• 奖品、奖杯、Lucky Draw 抽签箱就位核对",圆桌×8、座位牌、显示器×8、笔记本25台、插排×8、背景板、签到物料、奖品箱、抽签箱,活动统筹 / IT / 行政,,,,,,,,,,,,
,"12 号晚上
 7:00–10:00",15′,彩排走场,"• 主持人全流程串词走场
• 8名 Facilitator 最后确认：分工桌位、cosplay 装备、操作手册
• 计票员就位确认
• 暖场视频/音乐试播",主持串词卡、Host着装道具、机器人胸牌、FACI-01~08暖场视频,主持人 / 活动统筹,,,,,,,,,,,,
,"12 号晚上
 7:00–10:00",15′,入场签到,"• 112名参与者签到、按座位牌就座
• 播放暖场视频与活动预告
• 提醒连接会场 Wi-Fi",签到表、桌牌/座位图、Wi-Fi 密码桌卡,行政后勤,,,,,,,,,,,,
,13:30–14:40,,Guest Speaker Session,,,,13:15-16:15,,,,,,,,,,,
,13:15–13:35,20′,LV.1 开场引导,"开场破冰 + 活动目标（Inspire 计划定位、今日使命）
规则公布：Quest A/B 介绍、选题规则（各限4组先到先得）、PK 赛制、Lucky Draw 机制、奖项设置
Skills/Agents 工具包演示（7′速览：洞察→创意→论证→Showcase 全链路）Video（KK）",主流程 Deck、Quest A/B 题卡（打印大图）、规则说明页、工具演示环境（预登录）,主持人（串场）/ AI平台组（演示）,,,,,,,,,,,,
,13:35–13:45,10′,LV.2 选题与分工,"• 8组按顺序依次选题：A/B 各限4组，先到先得，A 满后只能选 B，
• 先到先得（队长举手确认， 抽一个顺序，发一个排）
• 组内分工：PM/调研员/创意/设计/数据/主讲等角色认领
• Facilitator 切入各桌",抽签顺序签×8、白板+马克笔、分工模板纸、Facilitator 胸牌,计票组（组织抽签）/ Facilitator,,,,,,,,,,,,
,13:45–14:25,40′,LV.2 实战产出,"• 各组调用 Skills/Agents 完成：洞察 → 研判 → 方案 → Showcase 报告
• Facilitator 贴身护航：卡点解围、节奏提醒（剩20′/10′口头播报）
• IT 驻场处理设备/账号问题
• 16:15 主持人提醒收敛时间",预配置笔记本（2–3台/组）、大屏投屏、Skills/Agents 工具链、计时牌、IT 备用机×2,Facilitator ×8 / IT 驻场,,,,,,,,,,,,
,14:25–14:35,10′,LV.2 收敛,"• 用 Showcase 报告 Agent 一键生成路演稿并定稿
• 各组join teams（使用共享teams）",提交模板/共享文件夹、提交通道二维码、对决顺序白板,Facilitator 协助提交 / 计票组收集,,,,,,,,,,,,
,14:35–14:40,5′,Showcase规则及投票机制演示,"• 主持人公布对决顺序与上台安排
• 主持人手持投票器演示：按 1=A组 / 2=B组 投票，大屏票数即时跳动
• 说明规则：每组1票+Lucky Draw元素计入总榜；4场票数累加决出冠亚季军
• 邀请 2 名观众试投，确认大屏实时同步无延迟",无线投票器×20、USB 接收器、大屏动态计票页（实时票数柱状对比+总票数榜）,主持人 / IT / 计票组,,,,,,,,,,,,
,14:40–16:00,80′,LV.3 Arena 对决（4场×20′）,"单场结构：上台前 Lucky Draw 分配幸运元素（1′）→ 两组演示 10′ → 互问 2′ → 拉票 1′ → 投票 2′
D1 16:45 · D2 17:00 · D3 17:15 · D4 17:30 · D5 17:45
规则：同命题组两两对决；其余6组投票；Lucky Draw 元素须自然融入演示，主持人当场裁定",Lucky Draw 抽签箱+签条（关键词/动作/道具/口头禅/任务）、投票器×20（每组+主持人幸运元素裁定）、大屏动态计票页（双方实时票数柱状对比+总票数榜，脱口秀综艺式实时亮票）、麦克风×2、计票实时表,主持人（控场）/ 计票组（投票与计票）/ 摄影（记录）,,,,,,,,,,,,
,16:00–16:05,5′,LV.4 票数统计与榜单,"• 计票组汇总总票数，生成最终榜单
• 大屏展示票数榜",计票实时表（Excel 自动汇总）、榜单模板,计票组,,,,,,,,,,,,
,16:05–16:15,10′,LV.4 颁奖&闭幕,"• 颁奖：冠亚军全场总票数前2名；荣誉奖×6：每场对决优胜组各获一项（最佳商业价值/最佳创意/最佳演示/最佳人气/最佳…）
管理层总结与下一步（AI Transformation 行动倡议）
• 全员合影","奖杯/奖牌（冠军×1、亚军×1、荣誉奖×6）、奖品袋、颁奖音乐、托盘
合影台阶/站位图",管理层评委（颁奖）/ 行政后勤,,,,,,,,,,,,
